{
  "project_info": {
    "project_number": "211547440873",
    "project_id": "madcwlms",
    "storage_bucket": "madcwlms.firebasestorage.app"
  },
  "client": [
    {
      "client_info": {
        "mobilesdk_app_id": "1:211547440873:android:f2e8639924e24c5fcd5278",
        "android_client_info": {
          "package_name": "com.example.madcw"
        }
      },
      "oauth_client": [],
      "api_key": [
        {
          "current_key": "AIzaSyCZfqDFfFqPoEFpo1rR8dPg9bevpySMswc"
        }
      ],
      "services": {
        "appinvite_service": {
          "other_platform_oauth_client": []
        }
      }
    }
  ],
  "configuration_version": "1"
}