{
  "project_info": {
    "project_number": "306725927223",
    "firebase_url": "https://fire-58e01-default-rtdb.firebaseio.com",
    "project_id": "fire-58e01",
    "storage_bucket": "fire-58e01.firebasestorage.app"
  },
  "client": [
    {
      "client_info": {
        "mobilesdk_app_id": "1:306725927223:android:b0f42fd618a046ad8e42b2",
        "android_client_info": {
          "package_name": "com.example.fire"
        }
      },
      "oauth_client": [],
      "api_key": [
        {
          "current_key": "AIzaSyCdbLMhZO9KL5YHLdzcRn8oExcPcdb7E_0"
        }
      ],
      "services": {
        "appinvite_service": {
          "other_platform_oauth_client": []
        }
      }
    },
    {
      "client_info": {
        "mobilesdk_app_id": "1:306725927223:android:4e7f554370cb8c6e8e42b2",
        "android_client_info": {
          "package_name": "com.example.free"
        }
      },
      "oauth_client": [],
      "api_key": [
        {
          "current_key": "AIzaSyCdbLMhZO9KL5YHLdzcRn8oExcPcdb7E_0"
        }
      ],
      "services": {
        "appinvite_service": {
          "other_platform_oauth_client": []
        }
      }
    },
    {
      "client_info": {
        "mobilesdk_app_id": "1:306725927223:android:d737f5962b248dd48e42b2",
        "android_client_info": {
          "package_name": "com.example.testable"
        }
      },
      "oauth_client": [],
      "api_key": [
        {
          "current_key": "AIzaSyCdbLMhZO9KL5YHLdzcRn8oExcPcdb7E_0"
        }
      ],
      "services": {
        "appinvite_service": {
          "other_platform_oauth_client": []
        }
      }
    }
  ],
  "configuration_version": "1"
}